-- MySQL dump 10.13  Distrib 5.7.17, for Win64 (x86_64)
--
-- Host: 127.0.0.1    Database: inzone_database
-- ------------------------------------------------------
-- Server version	5.5.5-10.2.10-MariaDB

/*!40101 SET @OLD_CHARACTER_SET_CLIENT=@@CHARACTER_SET_CLIENT */;
/*!40101 SET @OLD_CHARACTER_SET_RESULTS=@@CHARACTER_SET_RESULTS */;
/*!40101 SET @OLD_COLLATION_CONNECTION=@@COLLATION_CONNECTION */;
/*!40101 SET NAMES utf8 */;
/*!40103 SET @OLD_TIME_ZONE=@@TIME_ZONE */;
/*!40103 SET TIME_ZONE='+00:00' */;
/*!40014 SET @OLD_UNIQUE_CHECKS=@@UNIQUE_CHECKS, UNIQUE_CHECKS=0 */;
/*!40014 SET @OLD_FOREIGN_KEY_CHECKS=@@FOREIGN_KEY_CHECKS, FOREIGN_KEY_CHECKS=0 */;
/*!40101 SET @OLD_SQL_MODE=@@SQL_MODE, SQL_MODE='NO_AUTO_VALUE_ON_ZERO' */;
/*!40111 SET @OLD_SQL_NOTES=@@SQL_NOTES, SQL_NOTES=0 */;

--
-- Dumping data for table `άρθρο`
--

LOCK TABLES `άρθρο` WRITE;
/*!40000 ALTER TABLE `άρθρο` DISABLE KEYS */;
INSERT INTO `άρθρο` VALUES (1001,'2016-11-27','Σπουδάζοντας ηλεκτρολόγος μηχανικός στο Αριστοτέλειο Πανεπιστήμιο, στα πλαίσια του μαθήματος «Εισαγωγή στην Ενεργειακή Τεχνολογία» μου γεννήθηκε ένα ενδιαφέρον για τις ενεργειακές δυνατότητες της Ελλάδας, για τις ανανεώσιμες πηγές ενέργειας αλλά και τον ορυκτό μας πλούτο. Για τον λόγο αυτό συνάντησα τον καθηγητή μου, κύριο Γρηγόρη Παπαγιάννη, να με ενημερώσει για μερικά ζητήματα τα οποία δεν είναι τόσο ξεκάθαρα στην κοινή γνώμη.\n\nΟ κύριος Παπαγιάννης είναι καθηγητής στο Τμήμα Ηλεκτρολόγων Μηχανικών και Μηχανικών Υπολογιστών του Α.Π.Θ. στον Τομέα Ηλεκτρικής Ενέργειας και διευθυντής στο Εργαστήριο Συστημάτων Ηλεκτρικής Ενέργειας.\n\n– Πριν λίγα χρόνια ξεκίνησε μία μεγάλη κουβέντα για τα φωτοβολταϊκά. Μία μεγάλη μερίδα του κόσμου στράφηκε στην τοποθέτηση τέτοιων συστημάτων, χωρίς όμως να αποφέρουν το αναμενόμενο αποτέλεσμα. Τελικά, συμφέρει ή όχι η τοποθέτηση φωτοβολταϊκών;\n\nΝα πάρουμε τα πράγματα απ’ την αρχή. Τα φωτοβολταϊκά είναι μία ανανεώσιμη πηγή ενέργειας (ΑΠΕ) και φυσικά είναι μία συγκεκριμένη πολιτική της Ευρωπαϊκής Ένωσης, η οποία έχει ως στόχο την προώθηση των ΑΠΕ. Είναι οι γνωστοί στόχοι 20-20-20, μέχρι το 2020. Δηλαδή, μέχρι το 2020 θα πρέπει το 20% της ενέργειας της ΕΕ να προέρχεται από ΑΠΕ, οι οποίες περιλαμβάνουν και τα μεγάλα υδροηλεκτρικά εργοστάσια. Άρα είναι μία συγκεκριμένη πολιτική την οποία η ΕΕ έπρεπε να προωθήσει. Η κάθε χώρα-μέλος της ΕΕ διαλέγει από μόνη της την πολιτική που θα ακολουθήσει για την προώθηση των ΑΠΕ.\n\nΗ Ελλάδα υιοθέτησε κάποιες πολιτικές. Στο χώρο των φωτοβολταϊκών υιοθέτησε μία πολιτική, η οποία κατά την γνώμη μου, ήταν τελείως λανθασμένη. Έδωσε κάποια πολύ υψηλά κίνητρα τα οποία κάνανε ουσιαστικά την υπόθεση των φωτοβολταϊκών μία οικονομική επένδυση.  Όποιος δηλαδή είχε κάποια λεφτά στην άκρη και έφτιαχνε ένα μεγάλο φωτοβολταϊκό πάρκο, είχε απόσβεση των χρημάτων του, με τα λεφτά που έδινε τότε η κυβέρνηση, μέσα σε 4 χρόνια με διάρκεια ζωής των φωτοβολταϊκών 20-25 χρόνια. Άρα, ήταν μία πολύ ελκυστική οικονομική επένδυση. Όμως, όταν το κράτος πληρώνει 50 λεπτά την KWh, για να την αγοράσει από κάποιον που έχει φωτοβολταϊκά και την πουλάει 8 λεπτά την ίδια KWh, εμφανίζεται προφανώς μία διαφορά στην τιμή. Ποιος θα την πληρώσει αυτή τη διαφορά; Όλοι μας, μέσα από τον λογαριασμό της ΔΕΗ. Αυτό δεν μπορεί να θεωρηθεί κοινωνική πολιτική και φυσικά έπρεπε να σταματήσει. Για τον λόγο αυτό, σταμάτησαν οι επιδοτήσεις.\n\nΣήμερα, όποιος θέλει να κάνει μεγάλο φωτοβολταϊκό πάρκο μπορεί να το κάνει, αλλά τα λεφτά που παίρνει είναι πολύ λίγα. Επίσης, έχει ξεκινήσει να εφαρμόζεται ένα καινούριο σύστημα, το net-metering ή συμψηφισμός ενέργειας, που εκεί η επένδυση στα φωτοβολταϊκά γίνεται για να τα χρησιμοποιεί κάποιος που έχει συγκεκριμένες ανάγκες. Δηλαδή, δεν μπορείς να βάλεις τα φωτοβολταϊκά στο χωράφι σου. Θα τα βάλεις στο σπίτι σου, στην επιχείρησή σου και την ενέργεια που παράγεις θα την χρησιμοποιείς εσύ. Αν περισσεύει θα τη δίνεις στο δίκτυο και θα σου πιστώνεται για ένα χρονικό διάστημα, ενώ αν σου λείπει ενέργεια θα αγοράζεις  απ’ το δίκτυο.\n\n– Άρα, αυτή τη στιγμή συμφέρει η τοποθέτηση φωτοβολταϊκών ή όχι;\n\nΈχουμε ψάξει το θέμα οικονομικά και επιστημονικά. Φαίνεται πως στην Ελλάδα, ο χρόνος απόσβεσης μιας τέτοιας εγκατάστασης είναι από 6 έως 8 χρόνια, με διάρκεια ζωής των φωτοβολταϊκών 20-25 χρόνια. Δεν είναι αυτό που λέμε «η ευκαιρία!» αλλά είναι κάτι στο οποίο αξίζει να επενδύσει κάποιος.\n\n– Η χώρα μας βρίσκεται σε μία αξιοζήλευτη θέση με μεγάλες ενεργειακές δυνατότητες. Θα μπορούσαμε να επενδύσουμε περισσότερο σε ΑΠΕ; Μπορούν να αποφέρουν κέρδος;\n\nΥπάρχει πολύς κόσμος, ο οποίος λέει: «αφού έχουμε ήλιο, αφού έχουμε αέρα γιατί να μην πάμε σε 100% ΑΠΕ». Αυτό τεχνικά δεν μπορεί να γίνει και δεν μπορεί να γίνει για έναν απλό λόγο. Διότι, οι ΑΠΕ όσο ελκυστικές και γοητευτικές κι αν είναι, έχουν ένα μεγάλο πρόβλημα. Ενώ, είναι πηγές ισχύος, ξέρουμε δηλαδή πόση ισχύ δίνει ένα αιολικό πάρκο, δεν είναι πηγές ενέργειας, δηλαδή δεν σημαίνει ότι μπορούν να δώσουν κάθε στιγμή αυτή την ενέργεια. Κι αυτό γιατί μπορεί να μην έχει ήλιο, για παράδειγμα την νύχτα, ή εκεί που δουλεύει ένα φωτοβολταϊκό και δίνει ισχύ 100MW ξαφνικά να περάσει ένα σύννεφο και να μηδενιστεί η παραγωγή. Δυστυχώς αυτά δεν μπορούν να ελεγχθούν.\n\nΣτην περίπτωση λοιπόν, που θα χάσει κάποιος την παραγωγή ενός φωτοβολταϊκού θα πρέπει αμέσως και μάλιστα με πολύ γρήγορο ρυθμό να αντικαταστήσει αυτή την πηγή με κάποια άλλη. Κι αυτή η αντικατάσταση θα πρέπει να γίνει ακαριαία γιατί ξέρεις πολύ καλά ότι κάθε στιγμή η παραγωγή θα πρέπει να είναι ίση με την ζήτηση. Αν δεν γίνει αυτό, η ζήτηση θα είναι μεγαλύτερη από την παραγωγή και το σύστημα θα καταρρεύσει. Πρέπει δηλαδή να υπάρχουν συμβατικές πηγές ενέργειας, οι οποίες θα μπορούν να αντικαταστήσουν την παραγωγή και μάλιστα με πάρα πολύ γρήγορο τρόπο. Αυτός είναι ο λόγος, που δεν θα φτάσουμε ποτέ να έχουμε 100% ΑΠΕ.\n\nΒέβαια, πρέπει να αναφέρουμε πως η Γερμανία έχει πετύχει σήμερα ένα 30% ΑΠΕ, την στιγμή που η Ελλάδα είναι στο 15% μαζί με τα υδροηλεκτρικά εργοστάσια, τα οποία τα ξεχωρίζω πάντα, γιατί αυτά μπορούν να παράγουν ενέργεια όποτε θέλουμε. Εκτός των υδροηλεκτρικών εργοστασίων οι υπόλοιπες ΑΠΕ στην Ελλάδα είναι περίπου στο 6%, έναντι του 30% που είναι στην Γερμανία. Η Γερμανία όμως, είναι σ’ έναν χώρο όπου περιτριγυρίζεται απ’ τα πυρηνικά της Γαλλίας και απ’ τα μεγάλα υδροηλεκτρικά της Νορβηγίας. Έχει δηλαδή, έναν πολύ καλό συνδυασμό μεταξύ ανεμογεννητριών στη Βόρεια Θάλασσα και φωτοβολταϊκών με συμβατικές πηγές ενέργειας, με αποτέλεσμα να μπορεί πάντα να βρίσκει εναλλακτική λύση να αναπληρώνει την παραγωγή των ΑΠΕ.\n\n– Οι περισσότεροι πολιτικοί στις προεκλογικές τους ομιλίες χρησιμοποιούν συχνά το επιχείρημα της εκμετάλλευσης του ορυκτού μας πλούτου. Όπως θα φαντάζεστε λοιπόν, θέλω να σας ρωτήσω αν όντως η χώρα μας διαθέτει ορυκτό πλούτο και κατά πόσο μπορούμε να τον εκμεταλλευτούμε.\n\nΈχουμε λιγνίτη σίγουρα. Μπορούμε  να παράγουμε ενέργεια με λιγνιτικούς σταθμούς για τα επόμενα 80 χρόνια τουλάχιστον. Είναι κάτι το οποίο ξέρουμε ότι υπάρχει και ξέρουμε και το που. Τα υπόλοιπα είναι εικασίες. Ξέρουμε ότι έχουμε κάποια πετρέλαια στην Θάσο, πολύ λίγα τα οποία και τα εκμεταλλευόμαστε.  Επίσης, υποψιαζόμαστε ότι πιθανότατα μπορεί να υπάρχουν και πετρέλαια στο Αιγαίο ή στο Ιόνιο ή κάπου αλλού σ’ αυτές τις ΑΟΖ, σε συνδυασμό και με φυσικό αέριο. Γνωρίζουμε ότι συνήθως όπου υπάρχει κοίτασμα πετρελαίου από πάνω υπάρχει και φυσικό αέριο. Τα τελευταία 60 χρόνια λέμε ότι το πετρέλαιο φτάνει για τα επόμενα 20-30 χρόνια. Τα χρόνια, όμως περνούνε και το πετρέλαιο συνεχίζει να υπάρχει. Τα αποθέματα των υδρογονανθράκων , είτε αυτό είναι πετρέλαιο είτε είναι φυσικό αέριο, μάλλον είναι μεγάλα. Εκείνο που έχει σημασία είναι το κόστος για να βγάλουμε το πετρέλαιο. Αν για παράδειγμα πρέπει να σκάψω στην μέση του Ατλαντικού με 6 χλμ βάθος και άλλα 4χλμ για να βρω πετρέλαιο, μπορώ να το κάνω τεχνολογικά αλλά δεν με συμφέρει αν έχει 50 δολάρια το βαρέλι. Το ίδιο ισχύει και για το Αιγαίο. Όσο λοιπόν, υπάρχουν χαμηλές τιμές στη διεθνή αγορά, μιλάμε για εκμετάλλευση πετρελαϊκών κοιτασμάτων τα οποία είναι σχεδόν επιφανειακά.','Ο καθηγητής συστημάτων ηλεκτρικής ενέργειας, Γρ. Παπαγιάννης, στο inzone','ntaoulas@inzone.gr','Interviews'),(1002,'2016-11-19','Στα πλαίσια του θεσμού «Open House», το οποίο πραγματοποιείται αυτό το σαββατοκύριακο στην Θεσσαλονίκη, πήγαμε να δούμε την εξέλιξη από το περιβόητο κατασκευαστικό έργο, το «Μετρό Θεσσαλονίκης».\n\nΗ στάση που ήταν προσβάσιμη στο κοινό, ήταν αυτή στον σταθμό των τρένων. Η συγκεκριμένη στάση αποτελείται από 2 επίπεδα κάτω από το έδαφος. Το πρώτο επίπεδο θα χρησιμοποιηθεί για την έκδοση εισιτηρίων ενώ στο δεύτερο θα τοποθετηθούν οι συρμοί. Υπάρχουν στάσεις, όπου οι συρμοί θα τοποθετηθούν 7 επίπεδα κάτω από το έδαφος. Και αυτό γιατί, σ’ αυτά τα 7 επίπεδα, όπως μας είπε χαρακτηριστικά ο ξεναγός βρίσκεται «η ιστορία της Θεσσαλονίκης». Καθ’ όλη την διάρκεια των εργασιών έχουν βρεθεί πολλά «αρχαία», τα οποία θα εκτίθενται στους χώρους του μετρό και κάποια που δεν θα χωρέσουν, θα εκτίθενται σ’ ένα μουσείο που θα δημιουργηθεί αποκλειστικά γι’ αυτό τον σκοπό.\n\n\nΗ διαφορά με το μετρό της Αθήνας, είναι ότι θα υπάρχει ένας κεντρικός διάδρομος και οι συρμοί θα βρίσκονται δεξιά και αριστερά. Αυτό το μοτίβο θα χρησιμοποιηθεί σε όλες τις στάσεις. Ακόμη, ο κεντρικός διάδρομος θα έχει στις δύο πλευρές του τζαμαρίες, οι οποίες θα απομονώνουν τους συρμούς. Κατά την άφιξη των βαγονιών, θα ανοίγει ταυτόχρονα η πόρτα απ’ την τζαμαρία και η πόρτα των βαγονιών.\n\nΤο «Μετρό Θεσσαλονίκης» θα είναι από τα πιο εξελιγμένα, μας διαβεβαίωσε ο μηχανικός που έκανε την ξενάγηση. Θα έχει την δυνατότητα να διανύει την απόσταση μεταξύ δύο στάσεων σε 3 μόλις λεπτά. Ένα ακόμη στοιχείο, το οποίο μαρτυρά την υψηλή τεχνολογία που θα το χαρακτηρίζει, είναι η απουσία οδηγού. Έχει σχεδιαστεί ένα αυτόματο σύστημα, το οποίο θα οδηγεί τα βαγόνια. Κάτι σαν τον «αυτόματο πιλότο».\n\n\nΓια την κατασκευή του μετρό χρησιμοποιούνται επίσης, δύο «μετροπόντικες» τελευταίας τεχνολογίας. Έχουν την δυνατότητα να σκαύουν 15 μέτρα ανά ημέρα.\n\nmetro2\nΈνα από τα προβλήματα που αντιμετώπισαν οι μηχανικοί είναι πως ο υδροφόρος υπόγειος ορίζοντας είναι ιδιαίτερα αυξημένος σ’ αυτό το βάθος. Πιο συγκεκριμένα, στην στάση «Πανεπιστήμια», υπάρχει η μεγαλύτερη περιεκτικότητα νερού. Τόσο μεγάλη που θα μπορούσε να χαρακτηριστεί ως ένα υπόγειο ποτάμι. Δουλεύουν 12 αντλίες, οι οποίες αποβάλλουν το νερό στην θάλασσα.\n\n\n\nΕρωτηθείς από το κοινό, ο μηχανικός μας ενημέρωσε πως έχουν εγκατασταθεί αισθητήρες περιμετρικά της διαδρομής, οι οποίοι ελέγχουν τα πάντα. Για παράδειγμα ελέγχουν αν κάποιο κτίριο υποστεί καθίζηση, την πίεση, την περιεκτικότητα νερού στο έδαφος, την ηχορύπανση, την ρύπανση του περιβάλλοντος κοκ.\n\nΣύμφωνα πάντα με τον μηχανικό, η προέκταση του μετρό στην Καλαμαριά αναμένεται να χρειαστεί τον μισό χρόνο κατασκευής απ’ ότι η κύρια γραμμή. Η πεποίθησή του είναι, ότι αν όλα συνεχίσουν με αυτόν τον ρυθμό, το μετρό θα παραδοθεί στον λαό της Θεσσαλονίκης το 2020.','Πήγαμε στο Μετρό Θεσσαλονίκης','ntaoulas@inzone.gr','Stories'),(1003,'2017-11-02','Η έρευνα για το θέμα της επαγγελματικής εξουθένωσης άρχισε πριν από είκοσι περίπου χρόνια, όταν ο Freudenberger (1974) πρωτοχρησιμοποίησε αυτό τον όρο, για να περιγράψει τις ομοιότητες στη συμπεριφορά των εργαζομένων στα ιδρύματα όπου εργαζόταν και ο ίδιος. Ως επαγγελματική εξουθένωση, λοιπόν, όρισε το βίωμα της αποτυχίας και εξάντλησης που παρατήρησε στους κοινωνικούς λειτουργούς μετά από ένα χρόνο ενασχόλησής τους στα ιδρύματα αυτά, το οποίο βίωμα ήταν αποτέλεσμα των υπέρμετρων απαιτήσεων της δουλειάς τους σε ενέργεια, προσπάθεια και προσόντα. Από τότε έχει παρατηρηθεί μεγάλο ενδιαφέρον για το φαινόμενο αυτό, γνωστό σε όλους μας ως «burnout«, τόσο από επιστημονική, όσο και από πρακτική άποψη, γεγονός που επιβεβαιώνει και ο μεγάλος αριθμός των σχετικών δημοσιεύσων τα χρόνια που ακολούθησαν (Kleiber & Enzmann, 1990).\n\nΣύμφωνα με έναν από τους πλέον αποδεκτούς ορισμούς της επαγγελματικής εξουθένωσης, πρόκειται για μια κατάσταση χρόνιας συναισθηματικής εξάντλησης, αποπροσωποίησης και μειωμένης προσωπικής επίτευξης, η οποία μπορεί να εμφανιστεί κυρίως σε άτομα που εργάζονται στον τομέα παροχής κοινωνικών υπηρεσιών (Maslach & Jackson, 1981b). Οι όροι που χρησιμοποιούνται στον ορισμό αυτό θα αναλυθούν εκτενέστερα στη συνέχεια. Από τον παραπάνω ορισμό, μπορεί εύκολα να διαπιστωθεί, πως το φαινόμενο της επαγγελματικής εξουθένωσης περιορίστηκε ευθύς εξαρχής στον τομέα των κοινωνικών υπηρεσιών.\n\nΗ επαγγελματική εξουθένωση θεωρείται ένα σύνδρομο το οποίο περιλαμβάνει ένα σύνολο συμπτωμάτων που τείνουν να εμφανίζονται μαζί (Paine, 1981). Ο όρος «σύνδρομο» υποδηλώνει ότι η ύπαρξη του ενός συμπτώματος αυξάνει την πιθανότητα να εμφανιστούν και τα υπόλοιπα (Burish, 1989). Μετά από 25 και πλεόν χρόνια έρευνας, έχουν αναφερθεί διάφορα συμπτώματα, γεγονός που αφενός τονίζει την έλλειψη μιας σαφούς εικόνας για την εννοιολογική κατασκευή της επαγγελματικής εξουθένωσης, και αφετέρου αναδεικνύει την ποικιλομορφία της, δεδομένου ότι μπορεί να βιωθεί εντελώς διαφορετικά από το κάθε άτομο (Kahill, 1988).\n\nΑιτιογόνος παράγοντας του συνδρόμου της επαγγελματικής εξουθένωσης θεωρείται η χρόνια έκθεση του ατόμου σε υψηλά επίπεδα στρες. Το σύνδρομο της επαγγελματικής εξουθένωσης συνιστά μια προβληματική κατάσταση, καθώς οι επιπτώσεις του είναι αρνητικές για τον εργαζόμενο τόσο σε σχέση με την εργασιακή του απόδοση, αφού αδυνατεί πλέον να αφοσιωθεί αποτελεσματικά στην εργασία του, όσο και σε σχέση με την υγεία του, καθώς βιώνει τις δυσμενείς συνέπειες του χρόνιου στρες.\n\nΔιάφοροι επιστήμονες έχουν προτείνει διαφορετικές κατηγοριοποιήσεις των συμπτωμάτων της επαγγελματικής εξουθένωσης, ανάλογα με τη θεωρητική τους προσέγγιση και το λειτουργικό ορισμό που διατυπώνουν για το φαινόμενο (Schaufeli & Buunk, 1996). Σε αυτές τις κατηγοριοποιήσεις, εκτός από τις διαφορές, παρουσιάζονται και ομοιότητες που επιτρέπουν τη διαμόρφωση μιας σφαιρικής εικόνας του συνδρόμου. Βάσει αυτών των ομοιοτήτων, η σχετική βιβλιογραφία συντείνει στο συμπέρασμα ότι η επαγγελματική εξουθένωση σχετίζεται με:\n\nτα ψυχοσωματικά και σωματικά συμπτώματα (όπως είναι για παράδειγμα, οι διαταραχές ύπνου και διατροφής, οι πονοκέφαλοι, τα στομαχικά έλκη και οι καρδιακές ασθένειες). Τα συμπτώματα αυτά αποτελούν αντίδραση του οργανισμού του ατόμου στο χρόνιο στρες (Greenberg & Baron, 2013)\nτα συναισθηματικά συμπτώματα (όπως είναι η κατάθλιψη, οι φοβίες, η ευερεθιστότητα και η επιθετικότητα)\nτα νοητικά συμπτώματα (όπως είναι η χαμηλή αυτοεκτίμηση, το αίσθημα αποτυχίας και οι δυσκολίες αυτοσυγκέντρωσης)\nδιάφορες αρνητικές μορφές συμπεριφοράς (όπως είναι η αυξημένη κατανάλωση αλκοόλ, καφεΐνης ή νικοτίνης)\nδιαταραγμένες διαπροσωπικές σχέσεις (απομάκρυνση, απομόνωση του ατόμου από τους γύρω του), καθώς και με\nαρνητικές στάσεις απέναντι στην εργασία (όπως είναι η αλλαγή επαγγέλματος ή την παραμονή στο ίδιο επάγγελμα με μειωμένη παραγωγικότητα)\nΤα άτομα με επαγγελματική εξουθένωση δεν εμφανίζουν όλα τα προαναφερθέντα συμπτώματα. Παρόλο που κάθε άτομο μπορεί να βιώσει διαφορετικά το εν λόγω σύνδρομο, οι ουσιώδεις διαστάσεις του, δηλαδή: 1) η σωματική εξάντληση, 2) η συναισθηματική εξάντληση (που αναφέρεται στη συναισθηματική υπερένταση και κατάπτωση που απορρέει από την εργασία), 3) η αποπροσωποποίηση (που αναφέρεται στην κυνική στάση που μπορεί να αναπτύξει ο εργαζόμενος για τα άτομα που είναι αποδέκτες των υπηρεσιών του), καθώς και 4) η μειωμένη προσωπική επίτευξη (που αναφέρεται σε αισθήματα χαμηλής επάρκειας, αποδοτικότητας και επαγγελματικής απόδοσης) πρέπει να εμφανίζονται, για να μιλήσουμε για επαγγελματική εξουθένωση.\n\nΑξίζει στο σημείο αυτό να τονιστεί, πως η επαγγελματική εξουθένωση δεν εμφανίζεται ξαφνικά, ως συνέπεια για παράδειγμα μιας έντονης ψυχοπιεστικής κατάστασης, αλλά είναι αποτέλεσμα συσσωρευμένων πιέσεων στον εργασιακό χώρο (Farber & Miller, 1981). Οι πιέσεις αυτές με τη σειρά τους μπορούν να οδηγήσουν σε δυσπροσαρμοστικές αποκρίσεις αντιμετώπισης, καθώς και σε χαμηλή εργασιακή απόδοση. Κρίνεται, ακόμη, σκόπιμο να αναφερθεί ότι ένας συνδυασμός συγκεκριμένων εργασιακών συνθηκών οδηγεί, με τη μεσολάβηση συγκεκριμένων χαρακτηριστικών της προσωπικότητας του ατόμου, σ’ αυτή την αρνητική ψυχολογική εμπειρία, που δεν είναι άλλη από το βιώμα της επαγγελματικής εξουθένωσης.\n\nΑναφορικά, τώρα, με το στρες στον εργασιακό χώρο, που είναι και η βασική αιτία της επαγγελματικής εξουθένωσης, αξίζει να αναφερθεί πως τις τελευταίες δύο δεκαετίες παρουσιάστηκε έντονη ερευνητική δραστηριότητα, η οποία εστιάζεται -κατά κύριο λόγο- στους παράγοντες που εμφανίζονται στους χώρους εργασίας και προκαλούν στρες στους εργαζομένους. Συνολικά, οι παράγοντες που προκαλούν στρες στο χώρο εργασίας μπορούν να ταξινομηθούν στις παρακάτω κατηγορίες:\n\nΟι περιβαλλοντικές συνθήκες (π.χ. τα υψηλά επίπεδα θορύβου, ο ανεπαρκής εξαερισμός, η εργονομική διευθέτηση του χώρου, η κακή αρχιτεκτονική, ο κακός φωτισμός, κά.)\nΟι εργασιακές παράμετροι (π.χ. το πρόγραμμα εργασίας, η νυχτερινή βάρδια, η εργασιακή ανασφάλεια, η πιθανότητα μείωσης της αμοιβής ή των ωρών εργασίας, η υποβάθμιση της εργασιακής θέσης, κ.ά.)\nΔιάφοροι παράγοντες που αφορούν την ίδια την εργασία και οι οποίοι σχετίζονται κυρίως με τη μη δυνατότητα λήψης πρωτοβουλιών, με τον υπερβολικό φόρτο εργασίας και με προβλήματα που αντιμετωπίζει ο εργαζόμενος σε επίπεδο εργασιακού ρόλου (π.χ. στην περίπτωση σύγκρουσης ή ασάφειας των ρόλων).\nΠαράγοντες που αφορούν τις διαπροσωπικές σχέσεις στον εργασιακό χώρο, δηλαδή τις σχέσεις με τους άλλους συναδέλφους, τους υφισταμένους και τους προϊσταμένους. Συγκεκριμένα, πληθώρα ερευνών έχουν καταδείξει πως οι ικανοποιητικές κοινωνικές επαφές στο χώρο εργασίας μπορούν να λειτουργήσουν ως ασπίδα προστασίας ενάντια στις υπερβολικές απαιτήσεις ενός εργασιακού ρόλου και τις πιθανές επιπτώσεις τους στη σωματική και ψυχική υγεία (Chappell & Novak, 1992; Taylor, 1995). Αντιθέτως, έχει διαπιστωθεί πως οι κακές διαπροσωπικές σχέσεις στο χώρο εργασίας είναι σε πολύ σημαντικό βαθμό υπεύθυνες για γενικές σωματικές ενοχλήσεις, έλκη στομάχου, καταθλιπτικές τάσεις και συχνές απουσίες από την εργασία (Unden, 1996).\nΕκτενής έρευνα έχει διεξαχθεί, επίσης, στο πεδίο των επιπτώσεων του εργασιακού στρες στους εργαζομένους. Σύμφωνα, λοιπόν, με τους Barnett και Brennan (1995), οι επιπτώσεις αυτές μπορούν να χωριστούν στις εξής κατηγορίες:\n\nΠροβλήματα σωματικής υγείας, όπως τα καρδιαγγειακά νοσήματα, τα αναπνευστικά προβλήματα, ο καρκίνος, οι διαταραχές του αναπαραγωγικού συστήματος, καθώς και οι δερματολογικές παθήσεις. Μάλιστα, αξίζει να σημειωθεί πως ο Russek (1962), μελέτησε 100 ασθενείς με στεφανιαία νόσο και διαπίστωσε ότι σε πολύ μεγάλο ποσοστό (91%) οι ασθενείς αυτοί δήλωσαν ότι πριν την εμφάνιση της νόσου βίωναν έντονο στρες και είχαν αυξημένες ευθύνες στη δουλειά τους.\nΠροβλήματα ψυχολογικής φύσης, όπως η κατάθλιψη, οι διαταραχές ύπνου, το έντονο άγχος, η νευρικότητα, η αδυναμία συγκέντρωσης, η συναισθηματική εξουθένωση και η χαμηλή αυτοεκτίμηση ή άλλα προβλήματα που απορρέουν από τη σύγκρουση του ατόμου με τους σημαντικούς του άλλους (π.χ. την οικογένειά του) που προκαλούνται κυρίως λόγω της υπερβολικής έντασης του ατόμου στην καθημερινότητά του\nΠροβλήματα που εντοπίζονται στη συμπεριφορά, όπως είναι οι συχνές απουσίες από την εργασία, το αυξημένο κάπνισμα, η αυξημένη κατανάλωση αλκοόλ ή ψυχοδραστικών ουσιών και φαρμάκων, καθώς και η επιθετική συμπεριφορά απέναντι σε συναδέλφους ή σε αποδέκτες των υπηρεσιών.\nΣυμπερασματικά, υπάρχει μια πληθώρα ερευνητικών δεδομένων που καταδεικνύει ότι το στρες στον εργασιακό χώρο επιδρά αρνητικά όχι μόνο στην ποιότητα της εργασίας και το επίπεδο παραγωγικότητας, αλλά και στην ψυχική και σωματική υγεία των εργαζομένων. Μάλιστα, η χρόνια έκθεση σε υψηλά επίπεδα στρες, καθώς και η συσσωρευμένη πίεση μπορούν να οδηγήσουν στο σύνδρομο της επαγγελματικής εξουθένωσης («burnout») με πολύ δυσμενείς επιπτώσεις για την υγεία και την ευημερία των εργαζομένων. Τα παραπάνω ερευνητικά δεδομένα θα ήταν θεμιτό να ληφθούν σοβαρά υπόψη τόσο από τους εργοδότες, όσο και από τους ίδιους τους εργαζομένους με βασικό στόχο  την εξασφάλιση ενός υγιούς  εργασιακού περιβάλλοντος που θα οδηγήσει, με τη σειρά του, τόσο στη βελτίωση της ποιότητας της εργασίας, όσο και στη διασφάλιση της ευημερίας των εργαζομένων, καθώς αυτοί αποτελούν τους πυλώνες παραγωγικότητας σ’ έναν οργανισμό και, συνεπώς, η διανοητική, σωματική και ψυχική τους ισορροπία θα πρέπει να αποτελεί προτεραιότητα.\n\n Βιβλιογραφία\nΒασιλάκη, Ε., Τριλίβα, Σ., & Μπεζεβέκης, Η. (2001). Το στρες, το άγχος και η αντιμετώπισή τους. Αθήνα: Ελληνικά Γράμματα.','Στρες στον εργασιακό χώρο και επαγγελματική εξουθένωση','xatzidimitriou@inzone.gr','Ψυχολογία'),(1004,'2017-10-25','Ένας εκπρόσωπος της συμπεριφορικής επιστήμης. Ανυπόληπτος, για τους περισσότερους Έλληνες, ευυπόληπτος αρκετά στο εξωτερικό ώστε να κερδίσει το Νόμπελ Οικονομίας για το 2017. Γιατί; Γιατί, επιτέλους ένας οικονομολόγος επιχείρησε να ερευνήσει τον μοναδικό παράγοντα που μέχρι στιγμής απέτυχε η Οικονομική επιστήμη να προσδιορίσει: τον άνθρωπο.\n\nΟ ανθρώπινος παράγοντας σύμφωνα με τον Thaler, είναι ένα ον με μη προβλέψιμες λογικές διεργασίες που προέρχονται από μια πλειάδα προσωπικών αξιών και εμπειριών που επηρεάζονται από χιλιάδες καθημερινούς ανεξέλεγκτους παράγοντες. Τα συμβατικά οικονομικά όπως τόνισε αντιμετωπίζουν τους ανθρώπους ως υπέρ-όντα υπερβολικής λογικής που επεξεργάζονται τα διάφορα μηνύματα της καθημερινότητας ως άλλοι υπέρ-υπολογιστές και σπάνια οδηγούνται σε λάθη. Φυσικά, αυτός ο άξονας προσέγγισης οδήγησε την οικονομική επιστήμη σε τόσο μεγάλη απαξίωση στον 21o αιώνα αφού φάνηκε ανίκανη να προβλέψει καταστροφικά φαινόμενα, όπως η οικονομική κρίση.\n\nΓιατί με ενδιαφέρει μια τέτοια διευκρίνηση; Διότι, επιζείς με καμιά δεκαριά εκατομμύρια κατοίκους σε μια χώρα που έχει πληγεί ανεπανόρθωτα από την οικονομική κρίση τα τελευταία 7-8 χρόνια χωρίς περιθώριο βελτίωσης στον ορίζοντα. Και αυτό γιατί παρόλο που αλλάξαμε τόσες κυβερνήσεις, η ανεργία δεν μειώθηκε, το ΑΕΠ συρρικνώθηκε, το λιανικό εμπόριο βούλιαξε ενώ τα εισοδήματα και οι συντάξεις χτυπήθηκαν από τη δυσβάσταχτη φορολογία και τις περικοπές. Η Ελλάδα, μια χώρα με τόσες επενδυτικές προοπτικές και ευκαιρίες ανάπτυξης κατέληξε να είναι ο τελευταίος παρίας του ευρωπαϊκού Νότου, με τον ισχυρό Βορρά να κάνει τα στραβά μάτια μιλώντας συνεχώς για «πετυχημένα πειράματα και προσπάθειες» αγνοώντας ότι ο ασθενής πέθανε.\n\nΚαι πώς να μην πεθάνει, αφού οι διασώστες αντιμετώπιζαν από πάντα τους πολίτες αυτής της χώρας ως αριθμούς σε άψυχους τόνους χαρτιού πάνω στα οποία με παραγράφους και υπογραφές οι εκάστοτε ιθύνοντες καταδίκαζαν γενεές επί γενεών Ελλήνων σε φτωχοποίηση και ανισότητα. Φόροι, φόροι, φόροι, αποκρατικοποιήσεις και ιδιωτικοποιήσεις η μόνη συνταγή επιτυχίας και όποτε αυτό αποτύγχανε (σχεδόν πάντα και γρήγορα) αξίωναν το επιχείρημα της εξόδου της χώρας από το χορό.\n\nΗ οικονομία δεν «εκτοξεύτηκε» τελικά, αφού επενδύσεις δεν ήρθαν, επιχειρήσεις έκλεισαν και όσοι επενδυτές είναι ακόμη να έρθουν στη χώρα αναμένουν την σταθεροποίηση της κατάστασης. Σταθεροποίηση που απαιτεί πολιτική σταθερότητα, πρόγραμμα και λιγότερα… λαϊκιστικά λογύδρια. Στόχος, να αποτελεί ο μετασχηματισμός της ελληνικής αγοράς σε ένα ευρύ και ευέλικτο ευρωπαϊκό πεδίο επιχειρηματικών δραστηριοτήτων με μικρή κρατική παρέμβαση αλλά ισχυρή νομική και θεσμική εποπτεία για την αποτροπή στρεβλώσεων, που εν έτη 2017 υφίστανται δυναμικά στη χώρα.','Η συνθηκολόγηση του ηττημένου…(Μέρος Β)','natsiopoulos@inzone.gr','Prisma'),(1005,'2017-10-16','2017-2018. Ό,τι και να λέγεται περί κρίσης και απουσίας δημιουργικότητας, ο χώρος της τέχνης αποδεικνύει διαρκώς το αντίθετο. Αυτή τη φορά, ο κινηματογράφος είναι αυτός που επαληθεύει την ιδέα ότι οι ελληνικές ταινίες και εν γένει παραγωγές δεν έχουν σταματήσει να καλούν κόσμο στις μεγάλες αίθουσες. Και δη, όταν μιλάμε για προσπάθειες με αξιόλογο περιεχόμενο. Συγκεκριμένα:\n\n«Το Τελευταίο σημείωμα» του Παντελή Βούλγαρη\nΤο story\n\nΣτη νέα του κινηματογραφική δουλειά ο Βούλγαρης καταπιάνεται με μια από τις πιο γνωστές σελίδες της πρόσφατης ελληνικής ιστορίας, την εκτέλεση από τους Γερμανούς κατακτητές 200 αγωνιστών την 1η Μαΐου 1944 στην Καισαριανή, ως αντίποινα για τη δράση της ελληνικής αντίστασης.\n\nΚεντρικό πρόσωπο της ιστορίας ο 34χρονος Ναπολέων Σουκατζίδης, Κρητικός μικρασιατικής καταγωγής, αγωνιστής του λαϊκού κινήματος και κρατούμενος σε εξορίες και φυλακές από το 1936.\n\nΤην περίοδο της φυλακής του στο Χαϊδάρι, εκτελούσε χρέη διερμηνέα του Γερμανού Διοικητή του στρατοπέδου, Καρλ Φίσερ. Μπροστά από τα μάτια του περνούσε όλο το δράμα της γερμανικής αγριότητας στα Κατοχικά χρόνια, με τον ίδιο συνεχώς μάρτυρα βασανιστηρίων, τραγικών περιστατικών και βαριάς ατμόσφαιρας στους θαλάμους με το πλήθος των συγκρατουμένων του.\n\nΈξω από το στρατόπεδο, η μνηστή του Ναπολέοντα, Χαρά Λιουδάκη, με σθένος, καρτερία και βαθιά αγάπη στεκόταν δίπλα στον αρραβωνιαστικό της, έστω κι αν οι συναντήσεις τους ήταν για ελάχιστες στιγμές στα επισκεπτήρια, και πάντα υπό την επιτήρηση ενόπλων φρουρών.\n\nΗ τύχη του Ναπολέοντα και άλλων 199 συγκρατουμένων του αποφασίζεται μετά την ενέδρα της ελληνικής αντίστασης στον Στρατιωτικό Διοικητή Λακωνίας, σε χαράδρα της περιοχής των Μολάων. Ο θάνατος του Διοικητή Κρες και τριών Γερμανών της συνοδείας του επιφέρει ως αντίποινα την εκτέλεση 50 Ελλήνων για κάθε ένα Γερμανό.\n\nΟ Σουκατζίδης είναι στη λίστα των 200 μελλοθάνατων. Την ημέρα της εκτέλεσης βρίσκεται μπροστά σε ένα δίλημμα ζωής, όταν ο Φίσερ, που μέσα στα χρόνια ανέπτυξε σεβασμό για τον Έλληνα διερμηνέα, του δίνει τη δυνατότητα να εξαιρεθεί βάζοντας στη θέση του ως διακοσιοστό άλλον.\n\nΠρωταγωνιστούν: Ανδρέας Κωνσταντίνου, Αντρέ Χένικε, Μελία Κρίλινγκ. Μαζί τους οι: Τάσος Δήμας, Βασίλης Κουκαλάνι, Αινείας Τσαμάτης, Λουκάς Κυριαζής, Κωνσταντίνα Χατζηαθανασίου, Λευτέρης Λαμπράκης, Μιχάλης Αεράκης, Χρήστος Κωνσταντακόπουλος, Μανώλης Ψαρουδάκης, Γιώργος Καραμαλέγκος, Βασίλης Σύρρος, Δημήτρης Καλογεράκης, Μανώλης Μαυράκης, Μηνάς Μισύρης, Τάσος Καϊσαρλής, Αντώνης Παλιεράκης, Νίκος Ράμμος, Μιχάλης Τακτικάκης, Μανώλης Πούλης, Θεώνη Κουτσουνάκη\n\nΠότε στους κινηματογράφους: 26 Οκτωβρίου από τη Tanweer\n\n \n\n«1968» του Τάσου Μπουλμέτη\n Το story\n\nΟ Τάσος Μπουλμέτης εμπνέεται από τον επικό αγώνα ΑΕΚ – Σλάβια Πράγας του 1968 και, 50 χρόνια μετά, επιστρατεύει ένα πλούσιο και ταλαντούχο καστ για να αποκαλύψει το συναρπαστικό παρασκήνιο πίσω από το άπιαστο όνειρο που έγινε πραγματικότητα. Ο Αντώνης Καφετζόπουλος, ο Ιεροκλής Μιχαηλίδης, ο Γιώργος Μητσικώστας, η Βασιλική Τρουφάκου, ο Ορφέας Αυγουστίδης, ο Στέλιος Μάινας, και πολλοί ακόμα αγαπημένοι ηθοποιοί, ενσαρκώνουν καθημερινές ιστορίες σε μια χρονιά που σημαδεύτηκε από καθοριστικές αλλαγές σε όλο τον πλανήτη. Μια χρονιά, το 1968, όταν η αναπάντεχη νίκη μιας ομάδας με ψυχή ανακήρυξε για πρώτη φορά στην ιστορία του ελληνικού αθλητισμού την Ελλάδα κυπελλούχο Ευρώπης.\n\nΜέσα σε μία λαμπερή νύχτα, ξετυλίγεται μια ιστορία εθνικής ανάτασης, με επίκεντρο το θρυλικό αγώνα στο Καλλιμάρμαρο που παρακολούθησε ολόκληρη η Ελλάδα από το ραδιόφωνο, και πάνω από 80.000 άνθρωποι από κοντά («σπάζοντας» το ρεκόρ Γκίνες ως η μεγαλύτερη συνάθροιση σε αγώνα μπάσκετ). Οι συγκινητικές και αστείες ιστορίες της ταινίας συνθέτουν έναν πολύχρωμο μικρόκοσμο, αλλά και τον καμβά μιας συγκλονιστικής εποχής, και μιας ολόκληρης χώρας.\n\nΠρωταγωνιστούν: Ιεροκλής Μιχαηλίδης, Αντώνης Καφετζόπουλος, Γιώργος Μητσικώστας, Στέλιος Μάινας, Βασιλική Τρουφάκου, Γιάννης Βούρος, Ορφέας Αυγουστίδης, Θέμης Πάνου, Ταξιάρχης Χάνος, Αντώνης Αντωνίου, Ερρίκος Λίτσης, Θοδωρής Κατσαφάδος, Γιώργος Σουξές, Δημήτρης Μαυρόπουλος, Αλέξανδρος Αμερικάνος, Αλέξανδρος Μούκανος, Μαρία Αντουλινάκη, Γιώργος Βουρδαμής\nΑκόμη εμφανίζονται: Αλέξανδρος Αγραφιάδης, Ελπιδοφόρος Γκότσης, Μάγδα Λέκκα, Κώστας Νικούλης, Χρήστος Δήμας, Αλέξανδρος Ζουριδάκης, Αχιλλέας Σκευής, Φοίβος Ταραμπίκος, Νάνσυ Μπούκλη, Ηλίας Κωνσταντάτος, Δημήτρης Παχής\n\nΠότε στους κινηματογράφους: Το 2018, από τη Feelgood\n\n \n\n«Success story» του Νίκου Περάκη\nΤο story\n\nΟ ψυχίατρος και συγγραφέας Παναγής Πάνδωρας (Κωνσταντίνος Μαρκουλάκης) συναντά στα εγκαίνια του οικογενειακού πολιτιστικού κέντρου, τη νεαρή και φιλόδοξη απόφοιτο της σχολής του εθνικού Τζωρτζίνα Τζελέπη (Φιόνα Γεωργιάδη) και ξεκινάει, κόντρα στα προγνωστικά, ένας «άνισος» έρωτας, δύο κόσμων που δύσκολα εφάπτονται. Oταν οι αυταπάτες και των δύο ματαιώνονται και τα παιχνίδια εξουσίας διαδέχονται το αρχικό τους πάθος, οι ήρωές μας φτάνουν στα όριά τους.\n\nΣτην αποδόμησή τους βοηθούν ο υπερφίαλος φαφλατάς δικηγόρος (Κωνσταντίνος Αβαρικιώτης), μια Αλβανίδα «σταρ Ελλάς» με τραύμα στο πόδι σε ξεκαθάρισμα λογαριασμών (Τζένη Θεωνά), ένας γόνος που από πλήξη βουλιάζει στις καταχρήσεις (Πάνος Μουζουράκης), η σύζυγός του που αναζητά συγκινήσεις σε «ενεργειακές» συνεδρίες (Βάσω Καβαλιεράτου), μία άσπονδη συμφοιτήτρια της Τζορτζίνας που διεκδικεί με πείσμα τον ρόλο της (Τόνια Σωτηροπούλου), δύο σωματοφύλακες σε λάθος ρόλο και λάθος timing (Νάσος Παπαργυρόπουλος και Ηλίας Βαλάσης), ένας Γεωργιανός εκτελεστής με υπαρξιακές αναζητήσεις (Αντρέας Κωνσταντίνου) και οι εκκεντρικοί και απρόβλεπτοι συγγενείς (Ευαγγελία Μουμούρη, Πάνος Κρανιδιώτης, Αννίτα Κούλη, Μαρία Αλιφέρη, Δημήτρης Πετρόπουλος).\n\nΌλα θα πάρουν μια αναπάντεχη τροπή όταν ο πρωταγωνιστής της, Παναγής Πάνδωρας, μαθαίνει πως μια βόμβα απειλεί τη ζωή του, τη στιγμή που ανακοινώνει την κάθοδό του στην πολιτική.\n\nΠότε στους κινηματογράφους: Το Νοέμβριο του 2017, από την Odeon','2017-2018: 3 Ελληνικές Ταινίες που θα κάνουν τη διαφορά','tentzeraki@inzone.gr','Culture'),(1006,'2017-12-23','Είναι η πρώτη φορά που ο Μάνος Ελευθερίου δημιουργεί ένα έργο κομμένο και ραμμένο για μια θεατρική σκηνή. Και μάλιστα, έχει επιστρατεύσει στην αποστολή του αυτή, το μετρ του είδους, το Σαίξπηρ, τον οποίο κιόλας γνωρίζει «όσο κανένας άλλος», σύμφωνα με τα λεγόμενα του Χρήστου Χατζηπαναγιώτη. Ο τελευταίος σημειώνει μεγάλη επιτυχία δίνοντας σάρκα και οστά φέτος στον ‘Πατέρα του Άμλετ‘, το δημιούργημα του Μάνου Ελευθερίου, το οποίο μιλάει για την εξουσία, τη ζωή τόσο αυτή, όσο και την άλλη αλλά κυρίως καταφέρνει να θεραπεύσει τον ίδιο το θεατή,μέσα από τη δύναμη του Λόγου του.\n\n\n\n–Φέτος σας συναντούμε με αφορμή τη συμμετοχή σας στον «Πατέρα του Άμλετ», ένα πρωτότυπο κείμενο που άπτεται του θανάτου και συνιστά εν γένει, έναν απολογισμό ζωής. Τι ήταν αυτό που σας ώθησε στο να πείτε το ‘ναι’ σε ένα τέτοιο ιδιότυπο εγχείρημα;\n\n«Το να σε καλεί ένας μέγας ποιητής να αρθρώσεις για πρώτη φορά στη σκηνή, το πρώτο θεατρικό που έγραψε, είναι από μόνο του μια μεγάλη τιμή και μια μεγάλη πρόκληση.Το κείμενο αυτό με συγκίνησε βαθιά και αποφάσισα πολύ γρήγορα ότι φέτος θα αφήσω τις κεντρικές σκηνές και τις πολύ ωραίες και σημαντικές προτάσεις που είχα,για να μετέχω σ’ένα «ιδιότυπο» όπως λέτε εγχείρημα. Ο Μ.Ελευθερίου ,μ’έναν εξαιρετικό και μεστό λόγο, μιλάει εφ’ όλης της ύλης. Μιλάει βέβαια για την άλλη ζωή, αλλά κυρίως μιλάει γι’αυτήν εδώ τη ζωή,για την εξουσία,για τον έρωτα,για το χρόνο,για τα λάθη του,για τις παραλήψεις του,για την εκδίκηση τη δικαιοσύνη και οπωσδήποτε τη συγχώρεση..Δεν είναι ένα σκοτεινό κείμενο. Είναι ένα ευφρόσυνο και ψυχωφελές κείμενο.Ο Λόγος του είναι ένα λουτρό ιαματικό, απ’όλα αυτά που μας δηλητηριάζουν καθημερινά.Και μάλιστα χαίρομαι, γιατί από την μέχρι τώρα πορεία της παράστασης,στην Αθήνα,την Καβάλα και τη Μυτιλήνη κατάλαβα ότι λειτουργεί το ίδιο καταλυτικά και καθαρτήρια και στους θεατές. Νιώθω πράγματι υπερήφανος που είμαι ο πρώτος Έλληνας ηθοποιός που το μεταφέρει στη σκηνή.»\n\n–Θεωρείτε ότι η υπογραφή του Μάνου Ελευθερίου πάνω σε έργο του Σαίξπηρ συνιστά εχέγγυο για την επιτυχία της παράστασης;\n\n«Ο Μάνος Ελευθερίου γνωρίζει τον Άμλετ όσο κανένας άλλος. Ξέρει ολόκληρα κομμάτια του απ’έξω. Και ας μη ξεχνάμε ,ότι κανένας ήρωας στο παγκόσμιο δραματολόγιο δεν έχει αναρωτηθεί καλύτερα,για «τη ματαιότητα του μηδενός» όσο ο Άμλετ του Σαίξπηρ.  Ο Ελευθερίου διαλέγει τον πάτερα του Άμλετ (Άμλετ λεγόταν κι αυτός),έναν ήρωα που στο πρωτότυπο έργο δεν μιλάει σχεδόν καθόλου. Και το κάνει με τρομερή σοφία. Μπορεί να μη μιλάει,αλλά είναι η κινητήρια δύναμη όλου του έργου. Στη ζωή ήταν το κεντρικό πρόσωπο της εξουσίας,η εξουσία. Γυρνάει λοιπόν από τον άλλο κόσμο με μια σοφία και μια γνώση που αρνήθηκε να κατακτήσει όσο ζούσε.»\n\n\n–Έχετε δηλώσει ότι «αυτό που ο Μάνος Ελευθερίου ζητάει μέσω του πατέρα του Άμλετ, είναι να επαναφέρει την τάξη του κόσμου, που έχει διασαλευθεί». Γιατί μέσω του συγκεκριμένου χαρακτήρα και γιατί τώρα;\n\n«Για όλα αυτά που σας είπα πριν, αλλά και γιατί μέσα από μια τέτοια μεταφορά του δίνεται η ευκαιρία να μιλήσει για το θέμα πολύ καλά. Ο «πατέρας του Άμλετ» ήταν βασικός αίτιος αυτής της «διασαλευμένης τάξης».Κι αυτό έχει τη γενναιότητα να το παραδεχτεί σχεδόν αμέσως ,κι αυτό όχι γιατί «αμαρτία που εξομολογείται δεν είναι αμαρτία»,αλλά γιατί θέλει να μιλήσει καθαρά…Μόνο έτσι πιστεύει ο ποιητής ότι μπορεί να φτιάξει η πυξίδα. Είναι ένα κάλεσμα για αλήθεια.\n«Εσύ που ασχολείσαι με τα γράμματα, γιατί δε μαζεύεις το υλικό και να τα γράψεις με το ένα χέρι στη φωτιά; Κι όταν δεν έχεις μάρτυρες, έχεις τ’ αποτελέσματα» παρακινεί τον Άμλετ. Κι ας μη ξεχνάμε ,όπως σωστά επισημαίνει ο Θοδωρής Γκόνης που το σκηνοθέτησε: ‘Ο Άμλετ είμαστε εμείς‘.»\n\n–Πόσο εύκολη ήταν η απόφαση να επωμιστείτε το βάρος μιας παράστασης, δεδομένου ότι πρόκειται για έργο-μονόλογο;\n\n«Είναι πράγματι ένα δύσκολο εγχείρημα για μένα, αλλά κι ένα ταξίδι ‘γεμάτο περιπέτειες,γεμάτο γνώση’. Ήταν για μένα μια πρόκληση σε όλα τα επίπεδα. Είχα και σπουδαίους συνοδοιπόρους ,τον Θοδωρή Γκόνη,τον Ανδρέα Γεωργιάδη σκηνογράφο και ενδυματολόγο, αλλά και τους πολύτιμους βοηθούς σκηνοθέτη, τον Δημήτρη Καντα και τον Μιχάλη Αγγελίδη. Κάθε βράδυ, η μια ώρα που διαρκεί η παράσταση είναι για μένα ένας αγώνας μαγικός.»\n\n\n-Αναφέρετε μεταξύ άλλων για το κείμενο ότι «χρειάζεται ένα είδος ενσυναίσθησης για να το διαπεράσεις». Θεωρείτε ότι επομένως, απευθύνεται σε όσους επιθυμούν να προβληματιστούν μετά την παράσταση ή είναι για όλους;\n\n«Η ενσυναίσθηση είναι και κάτι που κερδίζεται. Και είναι υπέροχο αν αυτό το κείμενο μπορεί να γίνει μια τέτοια αφορμή. Η τέχνη ποτέ δεν κατάφερε να αλλάξει τον κόσμο, μπορεί όμως να κινήσει κάτι μέσα μας. Στη ζωή μας αλλά και στο θέατρο, θυμόμαστε πολύ περισσότερο αυτό που αισθανόμαστε από αυτό που ακούμε. Κι ο ποιητικός λόγος του Ελευθερίου προκαλεί μεγάλο αίσθημα. Είναι όπως σας είπα και πριν ιαματικός. Ο Μάνος είναι ένας ποιητής που γράφει για τον ταπεινό άνθρωπο,για αυτόν που είναι μακρυά από τα κέντρα εξουσίας που τον χρησιμοποιούν σαν πιόνι για τα σχέδιά τους. Σ αυτόν τον ‘στο βάθος,τρυφερό κι αθώο άνθρωπο,που οι εξουσίες τον εξαγριώνουν σε θηρίο’ συμπαραστέκεται,τον δικαιολογεί πάντα και με επιμονή….Είναι ο ήρωας του στο έργο, αυτόν παλεύει να σώσει,να αποκαταστήσει. Είναι ένα έργο που απευθύνεται σε όλους, ελπίζοντας να κερδίσει όλο και περισσότερους.»\n\n-Προσωπικές παρεμβάσεις ή αλλαγές τολμήσατε στο κείμενο; Γενικότερα, επιθυμείτε την ταύτιση με τον ήρωα;\n\n«Όχι, δε θα μπορούσα να το κάνω αυτό,αν και είχα όλο το ελεύθερο. Η μόνη μου παρέμβαση είναι η βαθιά μελέτη κι η προσπάθειά μου κάθε βράδυ,να σταλάξω σα βάλσαμο,τα λόγια ,το πνεύμα και το αίσθημά του στους θεατές.»\n\n\n–Πώς βιώνετε τη θεατρική πραγματικότητα σε μια μεγαλούπολη όπως η Αθήνα το 2017;\n\n«Είναι λίγο χαοτική η κατάσταση. Είμαστε η πρωτεύουσα που διεκδικεί τις περισσότερες παραστάσεις από κάθε άλλη μητρόπολη. Αδιανόητα πολλές. Πάνω από 1000, και σκέψου ότι είμαστε μια πόλη 5.000.000….Και βέβαια ελάχιστες από αυτές γίνονται με επαγγελματικούς όρους. Αυτό εγκυμονεί πολλούς κινδύνους. Εκτιμώ πολύ τους ερασιτέχνες ,αλλά αυτό πρέπει να λέγεται,να μην αποσιωπάται. Γιατί έτσι πνιγόμαστε στα σκουπίδια, κι εμείς και το κοινό. Είναι ωραίο να ασχολείται κανείς με το θέατρο, αλλά εμένα αυτή είναι η δουλειά μου. Μ’ αυτό κι από αυτό ζω. Διεκδίκησα και διεκδικώ πάντα αυτό το δικαίωμα και θα παλεύω γι’ αυτό διαρκώς.»\n\nΓια περισσότερες πληροφορίες σχετικά με την παράσταση «Ο πατέρας του Άμλετ» πατήστε εδώ.','Ο Χρήστος Χατζηπαναγιώτης είναι «Ο Πατέρας του Άμλετ»','tentzeraki@inzone.gr','Interviews'),(1007,'2017-09-23','Πριν λίγες ημέρες βρέθηκα στην εθελοντική αιμοδοσία που οργάνωσε η Μη κυβερνητική οργάνωση WΑΗΑ-Ηellas, στα γραφεία της στο κέντρο της πόλης, αποφασισμένη να ξεπεράσω την φοβία και την αποστροφή που με διακατέχει για τα νοσοκομεία και να δώσω αίμα. Είναι κάτι που ήθελα πολύ καιρό να κάνω και ενώ ήμουν ενημερωμένη για τα πολλαπλά οφέλη του στην κοινωνία, δεν το είχα τολμήσει.\n\nΔυστυχώς δεν αποτελώ την εξαίρεση αλλά μάλλον τον κανόνα. Η Ελλάδα σύμφωνα με τον Παγκόσμιο Οργανισμό Υγείας, κατατάσσεται στις 60 χώρες σε ολόκληρο τον κόσμο που δεν είναι σε θέση να ικανοποιήσουν αυτόνομα τις ανάγκες τους για αίμα και στηρίζονται σε δότες αντικατάστασης. Σε έρευνα που πραγματοποιήθηκε το 2011, διαπιστώθηκε πως ποσοστό λιγότερο του 50% των ετήσιων αναγκών της ικανοποιείται από εθελοντές αιμοδότες. Μια απλή αναζήτηση στο διαδίκτυο αποδεικνύει πως στην χώρα μας η μεγαλύτερη μερίδα του πληθυσμού δεν είναι ενημερωμένη για την διαδικασία και τα οφέλη της αιμοδοσίας και πως μόλις το 0.65% του πληθυσμού είναι τακτικοί εθελοντές αιμοδότες.\n\n\nΗ παρουσία μου στην εν λόγω αιμοδοσία αποτέλεσε την αφορμή ώστε να αντιληφθώ πόσο καίριο είναι να δίνεις τακτικά αίμα. Η ανάγκη που υπάρχει για αίμα καθώς και η ευχαρίστηση που σου προσφέρει μια καλή πράξη και το γεγονός πώς ξέρεις ότι βοηθάς κάποιον που πράγματι το έχει ανάγκη είναι πολύ σημαντική. Ενώ όσο δυσάρεστα είτε κοινότυπα κι αν ακούγονται τα σλόγκαν στις διαφημίσεις για αιμοδοσία κρύβουν μια αναμφισβήτητη αλήθεια. Υπάρχει όντως η πιθανότητα που όλοι απευχόμαστε: να χρειαστείς εσύ ή κάποιος οικείος σου αίμα.\n\nΑξίζει να αναφερθεί ότι παράλληλα με την αιμοδοσία, στον ίδιο χώρο έγινε και ενημέρωση και δειγματοληψία για την Εθελοντική Δωρεά Μυελού των Οστών, με ενεργό παρουσία του ΕΟΜ (Εθνικού Οργανισμού Μεταμοσχεύσεων) που συνεργάζεται με την Τράπεζα Εθελοντών Δοτών Μυελού των Οστών «Όραμα Ελπίδας».\n\nΗ σύντομη συζήτηση που ακολούθησε με την υπεύθυνη της Μη κυβερνητικής οργάνωσης για την Βόρεια Ελλάδα κυρία Masa Misic, ακτιβίστριας με διευρυμένη συμμετοχή σε ανθρωπιστικές δράσεις, με βοήθησε να αντιληφθώ ενδελεχώς τα οφέλη αλλά και τους λόγους που ο μέσος όρος των πολιτών της χώρας μας επιλέγει να μην δίνει αίμα τακτικά.\n\n-Ποιοι είναι οι λόγοι που ωθούν μια ΜΚΟ να οργανώσει μια εθελοντική αιμοδοσία;\n\nΣαν ανθρωπιστική οργάνωση χρέος και πρωταρχικός μας στόχος είναι να βοηθάμε όσους το έχουν ανάγκη. Πιο συγκεκριμένα στην Ελλάδα η αποστολή μας προσφέρει επί του παρόντος πρωτοβάθμια ιατρική βοήθεια σε πρόσφυγες σε πέντε κάμπ στην Βόρεια Ελλάδα. Η παρουσία μας εδώ μετρά σχεδόν δύο χρόνια και αναρωτηθήκαμε τι θα μπορούσαμε να κάνουμε ώστε να προσφέρουμε κάποια επιπλέον βοήθεια στην ελληνική κοινωνία γενικότερα. Η πρώτη ιδέα και αυτή που θεωρήσαμε πιο σημαντική ήταν η εθελοντική αιμοδοσία. Ήταν ο δικός μας τρόπος να πούμε ευχαριστώ. Πρέπει σε αυτό το σημείο να τονίσω ότι το πρακτικό σκέλος της διοργάνωσης ανέλαβε σε συνεργασία με την Μονάδα Αίματος του Γ.Ν.ΑΧΕΠΑ Θεσσαλονίκης, η ιατρική συντονίστρια της ομάδας Dr. Βάλια Παπαγεωργίου η οποία είναι αιματολόγος και η βοήθεια της υπήρξε πολύτιμη στην υλοποίηση της ιδέας μας.\n\n\n\n-Ποιοι παράγοντες θεωρείτε πως λειτουργούν αποτρεπτικά στο να γίνει κάποιος αιμοδότης;\n\nΝομίζω πως οι περισσότεροι φοβούνται πράγματα που στην πραγματικότητα δεν υφίστανται. Παραδείγματος χάριν ότι μπορέι να υπάρξει μόλυνση κατά την διαδικασία ή ότι οι εκάστοτε συνθήκες υγιεινής ενδέχεται να έχουν αρνητικό αντίκτυπο στον αιμοδότη. Πρακτικά τίποτα από αυτά δεν ισχύει και νομίζω ότι τα εξαιρετικά χαμηλά ποσοστά αιμοδοτών στον Δυτικό κόσμο ‘οφείλονται στην έλλειψη κατάλληλης ενημέρωσης αναφορικά με την διαδικασία.\n\n-Ποιο είναι το κύριο όφελος του να γίνει κάποιος εθελοντής αιμοδότης;\n\nΑυτό που μου έρχεται πρώτο στο μυαλό και θεωρώ πως είναι και το σημαντικότερο, είναι πως μας παρέχεται η δυνατότητα με μια ανώδυνη διαδικασία να σώσουμε την ζωή ενός ανθρώπου που το έχει ανάγκη. Πιστεύω πως αυτό θα πρέπει να ένα επαρκές κίνητρο ώστε κάποιος να αποφασίσει να γίνει αιμοδότης.','Υπάρχει μόνο μια ομάδα αίματος: Να είσαι θετικός στην Ιδέα του Εθελοντισμού!','kelesidou@inzone.gr','Stories'),(1008,'2017-12-01','Ας το παραδεχτούμε, η τεμπελιά έχει γίνει μέρος της ανθρώπινης φύσης! Ακόμα και οι προσπάθειες μας, να βελτιώσουμε τον εαυτό μας μέσα από την προπόνηση, είναι συνδεδεμένες με μία δόση βαρεμάρας. Σκέψου τελευταία φορά που πήγες στο γυμναστήριο. Πώς έμοιαζαν οι άνθρωποι στα μηχανήματα και πώς αυτοί στα ελεύθερα βάρη; Είναι πιθανό, ότι είδατε περισσότερους ασκούμενους στα μηχανήματα παρά στους αλτήρες και στις μπάρες. Μπορεί ακόμα να είδατε και περισσότερους να κάνουν αερόβια σε καθιστή θέση, τύπου κωπηλατική ή ποδήλατο σε επικλινή θέση.\nΤο πρόβλημα είναι αυτό, δεν έχεις φτιαχτεί να κάθεσαι. Είναι γεγονός, ότι πριν φτιαχτούν οι καθιστές τουαλέτες, οι άνθρωποι φρόντιζαν τις φυσιολογικές τους ανάγκες, από θέση καθίσματος στον αέρα. Σήμερα πολλοί από εμάς καθόμαστε στη δουλειά , στο σπίτι και συνεχίζουμε αυτή τη συνήθεια και στο γυμναστήριο. Πολλές ορθοπεδικές διαγνώσεις, συνδέονται με την χρόνια καθιστική ζωή. Ο πόνος χαμηλά στην πλάτη, είναι άρρηκτα συνδεδεμένος με τους σφιγμένους καμπτήρες του ισχίου και τους σφιγμένους δικέφαλους μηριαίους, που είναι σε βράχυνση όταν κάθεστε. Γίνεται καλύτερο όταν μεγαλώσεις. Θα κάθεσαι ακόμα περισσότερο και ο παλιός εαυτός σου 1,75m., θα είναι πλέον 1,72m. στην καλύτερη περίπτωση.\nΓιατί κάνουμε καθιστικές ασκήσεις όταν θα μπορούσαμε να είμαστε σε όρθια θέση; Εύκολη απάντηση. Είναι πιο εύκολο! Γιατί να μεταφέρεις τους αλτήρες και να αλλάζεις δίσκους με βάρη στην μπάρα, όταν μπορείς να καθίσεις και να κουνήσεις μόνο ένα πείρο. Οι ασκήσεις που εκτελούνται από όρθια θέση, απαιτούν καλή στάση σώματος, που σημαίνει καλύτερη διαχείριση και ενεργοποίηση του πυρήνα του σώματος.\n\nΒλάπτει την ορθοπεδική σου υγεία η καθιστική άσκηση;\nΡώτα τον εαυτό σου, πως είναι οι αρθρώσεις σου; Πως αισθάνεσαι τη πλάτη σου; Νιώθεις έτοιμος/η να διαλυθείς; Όχι πάντως από υπερβολική προπόνηση, αλλά επειδή η στάση σώματος σου , δεν είναι στη καλύτερη κατάστασή της. Ο πόνος χαμηλά στη σπονδυλική στήλη ή το σφίξιμο, οι ώμοι που έρχονται προς τα εμπρός, είναι προβλήματα που δεν σε βοηθούν να απολαύσεις τα οφέλη της γυμναστικής. Αν ταυτίζεσαι με τα παραπάνω, τότε πρέπει να δράσεις άμεσα, προς τη βελτίωση του προγράμματος σου αλλά και γενικότερα με την ποιότητα ζωής σου. Είναι ώρα να σταματήσεις να κάθεσαι και να ξεκινήσεις να στέκεσαι!\nΠροσπάθησε να ξεκινήσεις αργά στις αλλαγές σου, αλλάζοντας τις ασκήσεις που περιλαμβάνουν όλες τις μεγάλες μυικές ομάδες, όπως τετρακέφαλους μηριαίους, θωρακικούς μύες, δικέφαλους μηριαίους, μύες πλάτης και κοιλιακούς μύες. Ζήτησε τη βοήθεια κάποιου, όχι απλώς ενημερωμένου, αλλά κατάλληλα πανεπιστημιακού επιπέδου εκπαιδευμένο, να σε βοηθήσει να εντάξεις όρθιες ασκήσεις στο πρόγραμμα σου. Αντικατέστησε το μηχάνημα των τετρακεφάλων (leg extension) με την άσκηση κάθισμα με μπάρα ή αλτήρες. Απέφυγε για το στήθος σου την άσκηση Peck Deck στο μηχάνημα και δούλεψε με πιέσεις στήθους σε πάγκο ή δοκίμασε με τη τροχαλία, αλλά με ένα βαθμό δυσκολίας μεγαλύτερο. Άλλαξε το leg curl με άρσεις θανάτου , κάνε κωπηλατική σε τροχαλία ή με μπάρα και κοιλιακούς σε εξάρτηση από μονόζυγο. Υπάρχουν χιλιάδες ασκήσεις να εκτελέσεις από όρθια θέση για κάθε μυική ομάδα. Αρκεί να μάθεις πως να χρησιμοποιείς το πυρήνα σου και να σφίγγεις εκούσια τους κοιλιακούς σου, τη τεχνική της αναπνοής σου, για να μπορέσεις να εξερευνήσεις εκατοντάδες χιλιάδες ασκήσεων.\n\nΑυτές είναι οι βασικές σου επιλογές στην προπόνηση σε σχέση με το θέμα μας:\n– Συνέχισε τη προπόνηση σου με καθιστές ασκήσεις και δες τη στάση του σώματος σου να μένει σχεδόν στάσιμη.\n– Ξεκίνα να δίνεις έμφαση σε ασκήσεις όρθιας θέσης και θα δεις βελτίωση όχι μόνο στη γράμμωση και δύναμη των μυών σου, αλλά και στη σωστή διαμόρφωση και στάση σώματός σου. Είναι σίγουρο ότι θα το προσέξουν και οι γύρω σου!','Σταμάτα να Γυμνάζεσαι από Καθιστή Θέση','lykoudis@inzone.gr','Αθλητικά'),(1009,'2017-10-20','Στις 29/11 πλειστηριάστηκε μια μεζονέτα 320 τ.μ στην Κηφισιά για ανεξόφλητες οφειλές ύψους 1 εκατομμυρίου που είχε γυναίκα επιχειρηματίας, η οποία είχε εμπλακεί σε σκάνδαλο του χρηματιστηρίου και σε παραδικαστικό κύκλωμα. Πρόκειται για την πρώτη κατοικία που βγαίνει στο σφυρί επί ΣΥΡΙΖΑνελ, δύο χρόνια μετά το αξιομνημόνευτο «Κανένα σπίτι στα χέρια τραπεζίτη«.\n\nΒέβαια, εδώ πρέπει να ερμηνεύουμε τα γεγονότα με ψυχραιμία και όχι κατά το δοκούν του καθενός. Ο Τσίπρας επανεκλέχθηκε με περίπου ίδιο ποσοστό τον Σεπτέμβριο του ίδιου έτους και αφού φρόντισε, έστω και μερικώς, να καταστήσει σαφές ότι το Αριστερό όνειρο όπως είχε προωθηθεί προεκλογικά, τελείωσε. Ο λαός ήταν ενήμερος, ωστόσο φρόντισε και με τις ευλογίες των συστημικών ΜΜΕ να κάνει τα στραβά μάτια ελπίζοντας σε ένα καλύτερο αύριο.\n\nΜε την τρόικα να απαιτεί μέχρι το καλοκαίρι του ’18 να βγουν στο σφυρί 18.000 ακίνητα  και τον νόμο Κατσέλη να γίνεται ακόμα πιο αυστηρός για όσα φυσικά πρόσωπα θέλουν να ενταχθούν σε αυτόν, μοιάζει αβέβαιο και δεδομένης της κοινωνικής κατακραυγής το πόσο εύκολα θα διαφύγει ετούτου του βραχνά η δεξιόστροφη κυβέρνηση.\n\nΠροσωπικά, και εφόσον το πάτωμα ξεκινά από την αντικειμενική αξία των 300.000 και ως τώρα έχουν ανακοινωθεί ακίνητα με διπλάσια αξία και με ιδιοκτήτες στην πλειονότητα στρατηγικούς μπαταχτσήδες, εγώ είμαι υπέρ των πλειστηριασμών. Θα πρέπει ωστόσο η Κυβέρνηση να λάβει σοβαρά υπ’όψιν τα κριτήρια των οφειλετών, τους λόγους που οδηγήθηκαν στη χρεοκοπία, αλλά και την περιουσιακή τους κατάσταση προκειμένου να μην αφεθούν όλοι στο έλεος των τραπεζών και των κερδοσκοπικών fund.\n\nΦυσικά και ένας μικρομεσαίος επιχειρηματίας, ο οποίος ήταν νόμιμος και στα κέρδη αλλά και στις υποχρεώσεις του και λόγω κρίσης οι αναδουλειές τον οδήγησαν στη χρεοκοπία, δεν μπορεί να εξισώνεται με τον «μαϊντανό» μεγαλοεπιχειρηματία, ο οποίος στρατηγικά απέφευγε τις υποχρεώσεις του κάνοντας ανοίγματα που στο τέλος δεν μπορούσε να εξυπηρετήσει. Από τη διαπίστωση βέβαια στη πράξη ο δρόμος είναι μακρύς…και επίπονος.\n\nΗ πολυπόθητη έξοδος…με πατερίτσες.\n\nΤο 2017 εκδόθηκε ένα 5ετές κρατικό ομόλογο με επιτόκιο κοντά στο 4,5% σηματοδοτώντας την πιλοτική προσπάθεια της Ελλάδας να «ξαναβγεί» στις αγορές, όπως το 2014. Παρόλο που η απόδοση ήταν μικρότερη, η άντληση 4 δις ευρώ προήλθε κυρίως από την πλειοδότηση πραγματικών επενδυτών διεθνούς κύρους και όχι από κερδοσκοπικά funds, γεγονός που δείχνει μια τάση αποκατάστασης της κακής εικόνας της χώρας στο διεθνές επενδυτικό jet set.','Στερνή μου γνώση να σε είχα πρώτα…','natsiopoulos@inzone.gr','Prisma');
/*!40000 ALTER TABLE `άρθρο` ENABLE KEYS */;
UNLOCK TABLES;

--
-- Dumping data for table `αρμοδιότητα`
--

LOCK TABLES `αρμοδιότητα` WRITE;
/*!40000 ALTER TABLE `αρμοδιότητα` DISABLE KEYS */;
INSERT INTO `αρμοδιότητα` VALUES ('General Manager',2400,0),('Proofreader',1400,4),('Αρχισυντάκτης',1800,2),('Διαφημιστής',600,0),('Εξωτερικός Συνεργάτης',800,0),('Συντάκτης',1200,12);
/*!40000 ALTER TABLE `αρμοδιότητα` ENABLE KEYS */;
UNLOCK TABLES;

--
-- Dumping data for table `ασχολείται`
--

LOCK TABLES `ασχολείται` WRITE;
/*!40000 ALTER TABLE `ασχολείται` DISABLE KEYS */;
INSERT INTO `ασχολείται` VALUES ('kelesidou@inzone.gr','Culture'),('tentzeraki@inzone.gr','Culture'),('kelesidou@inzone.gr','Interviews'),('ntaoulas@inzone.gr','Interviews'),('tentzeraki@inzone.gr','Interviews'),('natsiopoulos@inzone.gr','Prisma'),('koufogiannidis@inzone.gr','Stories'),('ntaoulas@inzone.gr','Stories'),('roumeliwtou@inzone.gr','Stories'),('lykoudis@inzone.gr','Αθλητικά'),('xatzidimitriou@inzone.gr','Ψυχολογία');
/*!40000 ALTER TABLE `ασχολείται` ENABLE KEYS */;
UNLOCK TABLES;

--
-- Dumping data for table `διαφήμιση`
--

LOCK TABLES `διαφήμιση` WRITE;
/*!40000 ALTER TABLE `διαφήμιση` DISABLE KEYS */;
INSERT INTO `διαφήμιση` VALUES (10021,'Φρουτέξ',145),(10022,'Σερέτης',265),(10023,'Στρούγκα',132),(10024,'Μπερλίνα',289),(10025,'Ματσούκας',486),(10026,'Καλημέρης',453);
/*!40000 ALTER TABLE `διαφήμιση` ENABLE KEYS */;
UNLOCK TABLES;

--
-- Dumping data for table `κατηγορία`
--

LOCK TABLES `κατηγορία` WRITE;
/*!40000 ALTER TABLE `κατηγορία` DISABLE KEYS */;
INSERT INTO `κατηγορία` VALUES ('Culture','Πολιτισμός | Θέταρο | Σινεμά | Σειρές'),('Interviews','Συνέντευξεις με καταξιωμένα πρόσωπα'),('Prisma','...απ\' το πρίσμα των νέων!'),('Stories','Editorial πολιτικού & κοινωνικού περιεχομένου'),('Αθλητικά','Όλες οι αθλητικές ειδήσεις εδώ!'),('Ψυχολογία','Τα πάντα για τον άνθρωπο!');
/*!40000 ALTER TABLE `κατηγορία` ENABLE KEYS */;
UNLOCK TABLES;

--
-- Dumping data for table `μέλος`
--

LOCK TABLES `μέλος` WRITE;
/*!40000 ALTER TABLE `μέλος` DISABLE KEYS */;
INSERT INTO `μέλος` VALUES ('Ηρώ','kelesidou@inzone.gr','Κελεσίδου','Συντάκτης'),('Δημήτρης','koufogiannidis@inzone.gr','Κουφογιαννίδης','Proofreader'),('Χρήστος','ksilakis@inzone.gr','Ξυλάκης','Εξωτερικός συνεργάτης'),('Βασίλης','lykoudis@inzone.gr','Λυκούδης','Συντάκτης'),('Δημήτρης','natsiopoulos@inzone.gr','Νατσιόπουλος','Συντάκτης'),('Χρήστος','ntaoulas@inzone.gr','Νταούλας','General Manager'),('Μαρία','roumeliwtou@inzone.gr','Ρουμελιώτου','Αρχισυντάκτης'),('Μαριάννα','sifaki@inzone.gr','Σηφάκη','Εξωτερικός συνεργάτης'),('Μαριάνθη','tentzeraki@inzone.gr','Τεντζεράκη','Συντάκτης'),('Ηλέκτρα','xatzidimitriou@inzone.gr','Χατζηδημητρίου','Συντάκτης');
/*!40000 ALTER TABLE `μέλος` ENABLE KEYS */;
UNLOCK TABLES;

--
-- Dumping data for table `προβάλλει`
--

LOCK TABLES `προβάλλει` WRITE;
/*!40000 ALTER TABLE `προβάλλει` DISABLE KEYS */;
INSERT INTO `προβάλλει` VALUES (10021,1001),(10021,1003),(10022,1004),(10022,1005),(10023,1008),(10024,1006),(10024,1007),(10025,1003),(10026,1002);
/*!40000 ALTER TABLE `προβάλλει` ENABLE KEYS */;
UNLOCK TABLES;

--
-- Dumping events for database 'inzone_database'
--
/*!40103 SET TIME_ZONE=@OLD_TIME_ZONE */;

/*!40101 SET SQL_MODE=@OLD_SQL_MODE */;
/*!40014 SET FOREIGN_KEY_CHECKS=@OLD_FOREIGN_KEY_CHECKS */;
/*!40014 SET UNIQUE_CHECKS=@OLD_UNIQUE_CHECKS */;
/*!40101 SET CHARACTER_SET_CLIENT=@OLD_CHARACTER_SET_CLIENT */;
/*!40101 SET CHARACTER_SET_RESULTS=@OLD_CHARACTER_SET_RESULTS */;
/*!40101 SET COLLATION_CONNECTION=@OLD_COLLATION_CONNECTION */;
/*!40111 SET SQL_NOTES=@OLD_SQL_NOTES */;

-- Dump completed on 2018-01-08  1:08:08
